,rating,review,app,source,sentiment
0,2,"the interface appears to have moved to a web-based interface, but there’s no back button or way to return to the app’s main menu in certain cases. for instance, if i click ‘affordable housing’, i am sent to the city of san jose housing portal website within the app. from here there is no way to return to the app’s main menu other than force-quitting the app.",SanJose311,Apple,"[{'label': 'neutral', 'score': 0.8666632771492004}, {'label': 'surprise', 'score': 0.05749524012207985}]"
1,4,"update: i've used this app for issue on the road (traffic light outage and dangerous debris on the road), and the response continues to be extremely responsive. my reports were forwarded to the department of transportation both times and resolved that day. i have used this app three times to report illegal dumping and abandoned vehicles. i live in a neighborhood where people often dump large household items on the sidewalk and prior to installing this app, i would just get annoyed with it but didn't report it. with the three cases i filed, someone came around within 24 hours to collect the dumped items or came and tagged the abandoned vehicle, really quick response you typically wouldn't expect from the city! i can understand some people's gripe with some parts of the app though--for example, if you want to report a pothole while you're driving, it's a little difficult to do so. there is no location detector, so you'll always have to manually input your location. but, if you can get an approximate address of the location, that should give the city an idea of where the problem is. overall, i've had a great experience with this app and will continue to use it!",SanJose311,Apple,"[{'label': 'anger', 'score': 0.9056119918823242}, {'label': 'neutral', 'score': 0.04336385056376457}]"
2,1,"i was excited at first and after testing it out and finding many, many bugs, i spent some time and i wrote them all out and i had to send them to the city because there was no way to email feedback on the app. that was many months ago and to date, nothing has changed. i noticed some graffitti in my neighborhood and i took a snapshot quickly and drove away hoping that i could then upload it later on in the day. for some reason there are multiple folders that are made in photos that doesn't allow me to find the actual picture i took and so as far as i'm concerned, the photo to report is useless. in addition to that, it takes forever for the city to respond and so the level of frustration with me and my neighbors is so high, we are so over it. we just gave up. i stopped using the app.",SanJose311,Apple,"[{'label': 'anger', 'score': 0.7593063712120056}, {'label': 'sadness', 'score': 0.15025807917118073}]"
3,1,"where i live, there are 2 cars that are parked at a distance to save/hold parking spaces. both belong to the same owner. he hasn’t moved them for months. when he does move them, it’s only to make room to fit his third car. i reported it to the city because nobody can stand it anymore — there’s no parking, and people end up parking in red zones just because so many people decide to hold parking spots with extra cars. and as soon as i submitted the report, they closed it. that’s why nobody bothers reporting anymore: in the end, they don’t pay attention, and since it’s not them who have to live with the problem, they don’t care.",SanJose311,Apple,"[{'label': 'neutral', 'score': 0.39494451880455017}, {'label': 'anger', 'score': 0.20840875804424286}]"
4,1,"whoever is receiving the reports must be either working from home or lazy. they want you to document, take pictures, licence plates, color and descriptions of everything and then they closed the case without coming out to physically look at it because the pictures weren’t clear enough for them. get off your chair and come look at it in person. we report and you should follow up. ridiculous app! instead you could just call and complain and someone would just show up and tag it, report it and get it cleaned up. nobody wants to wait 5-10 days to hear from you. we can see it taken care of.",SanJose311,Apple,"[{'label': 'anger', 'score': 0.43583422899246216}, {'label': 'neutral', 'score': 0.3727613091468811}]"
5,5,"like many of you, i walk around my neighborhood. this app makes it easy to report issues.. i have taken pictures of graffiti and you can report the item and upload a photo. the city has a pretty quick response to most things reported in the app. a lot of streetlights we’re out and this makes getting them fixed easy. take a picture of the pole number take a picture of the address when you have a moment, select street lighting report the light and pole number and the city will get it onto a list to be repaired easier than a phone call- yes accountability to the ticket # generated- yes",SanJose311,Apple,"[{'label': 'neutral', 'score': 0.45402610301971436}, {'label': 'anger', 'score': 0.17666397988796234}]"
6,3,"i wish online reporting wasn’t relied on so much. i understand sj is massive but i feel like things are falling more through the cracks. i’ve reported my car vandalized by a neighbor 3 different times and never got anything back when using the app. i really wish it didn’t feel hopeless to ask the police for help. no camera no crime is what i am told. what happen to police work before cameras? :,c",SanJose311,Apple,"[{'label': 'sadness', 'score': 0.9916208982467651}, {'label': 'surprise', 'score': 0.002142255427315831}]"
7,1,"the app has its issues but that can be polished in time. the problem? they close cases without reason or with completely incorrect reasoning. report a abandoned car without license plates? closed because of not having license plate info! report a abandoned car with clear images of it on a public street? closed because it's on private property! report blight? closed because it's been reported already, yet it's still not resolved. or the same excuse san jose agencies always give, ""please be patient we are experiencing a high volume of requests""... lived here a long time with these high taxes but this is the excuse always given. think it's time to start purging city workers, either they are mismanaged, lazy or perhaps both but one thing for sure... they are far to expensive for what we receive. san jose residents deserve better. spend some time of the maps of your neighborhood reading the comments.",SanJose311,Apple,"[{'label': 'sadness', 'score': 0.6082148551940918}, {'label': 'surprise', 'score': 0.212162047624588}]"
8,1,"referred to this app for any city service. the app doesn’t allow to give exact addresses manually or by moving the map. it tells you an address doesn’t exist even after it automatically finds an address. nowhere near where you are. you put the address in the note section but, i guess the reader is illiterate. then they say they can’t find the car and close the complaint. just another piece of garbage to throw at the citizens that are already paying high taxes for non existent services. why do we need the mayor and its staff if they can’t do anything for the city",SanJose311,Apple,"[{'label': 'anger', 'score': 0.3163805603981018}, {'label': 'neutral', 'score': 0.2915046513080597}]"
9,1,"i decided to deleted the app and download it again in the hopes it would work. it stopped working for me when the app was ‘upgraded’ a couple of years ago. i was hoping bugs would have been worked out by now, sadly, that has not been my experience. when i press submit it hangs up until i finally close it or it crashes altogether. i’ve had better success with the 311 website but it would be nice to be able to use the app again. ☹️",SanJose311,Apple,"[{'label': 'sadness', 'score': 0.956928551197052}, {'label': 'surprise', 'score': 0.018591871485114098}]"
10,5,"my neighborhood has delinquent children that spray graffiti on public property at least three times a year. after submitting a report to the app, a representative comes to clean it off within one business day. i am genuinely impressed at how quick the process was. i’m very happy to know san jose 311 cares for the community.",SanJose311,Apple,"[{'label': 'surprise', 'score': 0.9668598771095276}, {'label': 'joy', 'score': 0.014248880557715893}]"
11,1,this app is supposed to make it easier to report things like illegal dumping. however it is an exercise in frustration. many times things are dumped at a place that doesn’t have a street address. the app forces you to search for an address after you have dropped your pin and it will move the pin because there’s no address there. then the city goes out to the wrong place and doesn’t see the dumped trash. really guys you need to fix this!,SanJose311,Apple,"[{'label': 'anger', 'score': 0.7512444853782654}, {'label': 'sadness', 'score': 0.08845612406730652}]"
12,5,"been using this app several times. one, to report an abandoned vehicle, two, to request my sidewalk painter red, three, to request a tree branch trimmed and four, to pick up an illegal dump. immediate response, produced follow up and confirmation once the work has been done. kudos to the dev and triaged team. great app and well deserved 5 stars.",SanJose311,Apple,"[{'label': 'sadness', 'score': 0.3321670591831207}, {'label': 'neutral', 'score': 0.23388074338436127}]"
13,1,i have tried to use this to submit an abandoned vehicle report. the app does not accept a valid address even as it is selected from the google search tool. cannot proceed further. repeated process several times. ended up calling in and was told to use the app! in addition the setting up of an account is poor. does not accept a strong password generated from ios. had to use a basic password,SanJose311,Apple,"[{'label': 'sadness', 'score': 0.8894912004470825}, {'label': 'surprise', 'score': 0.04461750015616417}]"
14,1,"my housemate has had an abandoned vehicle in front of her home for weeks. after unsuccessful attempts at calling, she finally downloaded the app, forgot her pin and the i forgot my pin function doesn’t work. i tried to register as a new person and i can’t. her council member is out of town, so it appear that the white van with blacked out windows and the tire going flat will be here another month. sad -if you are going to have an app, you need to maintain its functionality.",SanJose311,Apple,"[{'label': 'sadness', 'score': 0.9271959662437439}, {'label': 'surprise', 'score': 0.050140757113695145}]"
15,1,"matt mahan, fix this problem please! down loaded apple app. tried to sign up, it said i already had account. i have no password record of any sj account. i tried using apple suggestion for new pw, the app gave me all green dots, but refused to let me register with it. i used “forgot my password”. i reset password - that worked on the website, not the app. i see the city notice this is a “new/improved platform”. is this an oracle problem?",SanJose311,Apple,"[{'label': 'sadness', 'score': 0.5459228754043579}, {'label': 'neutral', 'score': 0.22045165300369263}]"
16,1,"very frustrating app! report an abandoned car, find out it had been moved, then try to save the city by cancelling the request, but no luck. they send someone out to find tag and find the car gone. what a waste of taxpayer money!!! job security? the app is not user friendly. i was done trying (!!) to cancel a request in order to help save the city some money (no luck), then tried to get back to my account ""home"". no luck. it kept freezing.",SanJose311,Apple,"[{'label': 'sadness', 'score': 0.6529346704483032}, {'label': 'surprise', 'score': 0.2877773642539978}]"
17,1,"sjpd response time is 3-4 weeks. this app is just used as a citizen pacifier, don’t expect any action. we have a recurring issue with motorhomes illegally parking and living on the street in front of our business, taking all available parking, leaving their trash on the street, dumping their black water waste, running loud generators, drug traffic, etc. i was directed to this app by a sjpd employee, but it appears sjpd refuses to resolve the situation. we’ll go back to calling every day.",SanJose311,Apple,"[{'label': 'neutral', 'score': 0.4963773190975189}, {'label': 'anger', 'score': 0.2671368420124054}]"
18,5,"i very rarely write reviews, but i filed a cleanup request for an oven that was dumped outside my apartment and it was gone within the week! it had been sitting there for months beforehand. any app can send a prius to take you to dinner, it takes a special app to clean up the city!",SanJose311,Apple,"[{'label': 'surprise', 'score': 0.6236410140991211}, {'label': 'sadness', 'score': 0.23474563658237457}]"
19,5,the app is super easy to use. obviously there needs to be more backend resources to action requests but a great starting point for letting residents make reports to the city. would love if more explanation was given on why a request is marked as resolved or closed.,SanJose311,Apple,"[{'label': 'joy', 'score': 0.49808505177497864}, {'label': 'neutral', 'score': 0.31549301743507385}]"
20,2,just about impossible to efficiently report problems. a required field doesn’t work (tell us more). the mapping/location function is buggy. the live chat wasn’t designed for human beings. seems designed to deter people from reporting out of sheer frustration.,SanJose311,Apple,"[{'label': 'anger', 'score': 0.6413207054138184}, {'label': 'sadness', 'score': 0.2884382903575897}]"
21,1,"i was really looking forward to having a tool like this and was quickly let down when i wasn’t able to register. i also tried to login as a google user and that didn’t work either. after many attempts and deleting the app and reinstalling it, i’ve given up. don’t waste your time trying. this app needs lots of work before we can depend on something like this.",SanJose311,Apple,"[{'label': 'sadness', 'score': 0.9286849498748779}, {'label': 'anger', 'score': 0.037193577736616135}]"
22,1,it takes min to even use the app and there’s not a lot of options it’s silicon valley i would expect more being in san jose major tech ind but well yeah ig reports aren’t that vital right? it glitches when inputting adress i have to use a cheatcode for it to actually submit the app is very so lacking and i can’t tell if im js speaking in2 a void or not pls update pls fix pls do better we in the tech area… why is this lagging fr,SanJose311,Apple,"[{'label': 'sadness', 'score': 0.45040154457092285}, {'label': 'surprise', 'score': 0.33560633659362793}]"
23,1,"i’m trying to simply report a missed garbage collection. i logged in, then it said i had to reset my password, i couldn’t see the letters i’m entering as it’s hidden so who can tell if you make a mistake. then i had to enable an authenticator, which gave me numbers but i had no clue where to enter them. so basically could never log in. the app is frustrating and useless.",SanJose311,Apple,"[{'label': 'sadness', 'score': 0.788794219493866}, {'label': 'neutral', 'score': 0.06692890077829361}]"
24,1,"same results as trying to call a city department. problems are not generally resolved by simply opening a ticket. they will reply to you and say you need to contact a different department. then, that department will tell you that you need to contact yet another department. apparently, city workers aren’t trained in how to use a “forward” button on their email as they’re not trained in the customer service premise of “ownership”.",SanJose311,Apple,"[{'label': 'neutral', 'score': 0.8925392031669617}, {'label': 'surprise', 'score': 0.04406104236841202}]"
25,1,the city is a joke i’m a taxpayer i own a house in san jose and they won’t even come out and tow any cars in the neighborhood all they wanna do is come out and put a pink sticker on the car and drive away of course that cost money they do it all the time. so i’ve had to resort to call and email the council member to my district and then i get a resolution that way but the city is worthless,SanJose311,Apple,"[{'label': 'sadness', 'score': 0.5694725513458252}, {'label': 'anger', 'score': 0.19618703424930573}]"
26,2,"this app helps to bring city services to the public but it’s hard to use and browse it. if you click on a service, it’s tricky to get back to the main menu. please start tweaking it to make navigation easier.",SanJose311,Apple,"[{'label': 'neutral', 'score': 0.7485014796257019}, {'label': 'sadness', 'score': 0.15753896534442902}]"
27,1,it won’t even let me register properly. i tried to register through my google account but it froze. so i uninstalled it and tried to register a new account instead. still frozen on the registration page! i can’t report the abandoned car in front of my home because it won’t let me report it as a guest. useless app,SanJose311,Apple,"[{'label': 'sadness', 'score': 0.8847714066505432}, {'label': 'surprise', 'score': 0.04598874971270561}]"
28,2,"text entry works great and locating on the map is very helpful. reports seem to be sent to the city. photos are completely broken. the app should dump you into the photos section on your phone but instead it goes into some kind of list of galleries from photos. in my case i don’t see the current photos, just a bunch of albums i’ve created. going into the camera should provide you with another way to get into the photos but it’s just a camera. app freezes when trying to access profile information.",SanJose311,Apple,"[{'label': 'sadness', 'score': 0.4734472334384918}, {'label': 'neutral', 'score': 0.39218994975090027}]"
29,2,"unless you basically take someone to the issue, they are unable to locate it via the app and its location services. poor data collection! basically, trying to solve issues from behind a desk. is our taxpayer money being used for this, mr. loccardo?",SanJose311,Apple,"[{'label': 'sadness', 'score': 0.42979350686073303}, {'label': 'surprise', 'score': 0.25118955969810486}]"
30,3,"sometimes the app works really well. you can report an issue and if it is resolved, there will be a picture updated. sometimes i have no idea what is happening. a ticket is closed and i see nothing is fixed.",SanJose311,Apple,"[{'label': 'surprise', 'score': 0.4993605315685272}, {'label': 'neutral', 'score': 0.34855547547340393}]"
31,1,"this looks like it was hacked up by some kids while they were playing video games. the start page seems decent enough, but the rest is not very quick nor useful. from some links you can't get back to the app. compared to most apps out there, we'll, garbage!",SanJose311,Apple,"[{'label': 'disgust', 'score': 0.590512752532959}, {'label': 'anger', 'score': 0.21123027801513672}]"
32,1,app was completely devoid of content until i closed and re-opened. it also refuses to accept my credentials on two major web browsers on desktop and in the mobile app. i use a password manager and i’ve “reset” my password to the same password 3 times now so i know i’m entering the details correctly.,SanJose311,Apple,"[{'label': 'sadness', 'score': 0.6737730503082275}, {'label': 'neutral', 'score': 0.16837625205516815}]"
33,1,"i have been trying to report an illegal dumping. after i complete all of the required fields, the app (and the website) for that matter, won’t accept it. i have tried multiple times and since its after hours, 311 will not take any info and sends me to the website/app. very frustrating.",SanJose311,Apple,"[{'label': 'sadness', 'score': 0.8276212215423584}, {'label': 'anger', 'score': 0.09092896431684494}]"
34,1,"the old app worked every time! this one will not let me log in. after a call to the city 311, a live person helped me to access my account. it worked one more time after that and hasn’t since. i have no way to report the neighborhood issues!",SanJose311,Apple,"[{'label': 'surprise', 'score': 0.5126891732215881}, {'label': 'sadness', 'score': 0.35746514797210693}]"
35,4,"this app is terribly clunky, especially the address input section. but i’m so grateful for this app because i’ve received prompt responses to all of the requests i’ve put in for graffiti and illegal dumping. thank you csj!",SanJose311,Apple,"[{'label': 'sadness', 'score': 0.5694637298583984}, {'label': 'joy', 'score': 0.2688828408718109}]"
36,5,easy to use and report many blighted issues plaguing my neighborhood.,SanJose311,Apple,"[{'label': 'sadness', 'score': 0.44113945960998535}, {'label': 'disgust', 'score': 0.20008431375026703}]"
37,5,"cant thank you enough. prompt action, really appreciate it.",SanJose311,Apple,"[{'label': 'joy', 'score': 0.4834217131137848}, {'label': 'surprise', 'score': 0.22891156375408173}]"
38,1,"all this app does is allow city leaders to toot their own horns. actual city response to submissions is non-existent. also, photos taken with the app are not saved to the camera roll, so there is no record of the photos to use in the future. app crashes before you can submit request? you have to take new photos.",SanJose311,Apple,"[{'label': 'sadness', 'score': 0.6579214334487915}, {'label': 'neutral', 'score': 0.20820362865924835}]"
39,4,i see the spinning circle and nothing happens. it worked before the name change.,SanJose311,Apple,"[{'label': 'surprise', 'score': 0.7923844456672668}, {'label': 'sadness', 'score': 0.09684065729379654}]"
40,2,reported streetlight out. 4 weeks later the status was changed to “closed”. that was over a week ago. the light is still out. *sigh*,SanJose311,Apple,"[{'label': 'sadness', 'score': 0.9080755710601807}, {'label': 'surprise', 'score': 0.05419902130961418}]"
41,1,"don't be fooled. this app advertises itself as a one stop shop for reporting issues in san jose. in reality, all you get is an an email telling you to call someone else. report are ""closed"" without any assistance, and an email telling you to figure out for yourself which agency you should call for any real action. very disappointing!",SanJose311,Apple,"[{'label': 'sadness', 'score': 0.8135930299758911}, {'label': 'surprise', 'score': 0.11439291387796402}]"
42,1,trying to report a abandoned vehicle and the location services aren't working or letting me type in the address. tried calling the city and they no longer take calls on this matter. try sending an email and the link is down. don't know what else to do.,SanJose311,Apple,"[{'label': 'sadness', 'score': 0.8888624310493469}, {'label': 'surprise', 'score': 0.04399127513170242}]"
43,1,"i had used the old mysanjose app with limited success before, so i was hopeful when i received the email about this upgrade. i didn’t remember my password, and attempted to rest it, but the password reset feature doesn’t work. what a waste of time.",SanJose311,Apple,"[{'label': 'sadness', 'score': 0.8917761445045471}, {'label': 'surprise', 'score': 0.08505125343799591}]"
44,1,"would it be nice if they maintained it, many bugs, does not work on iphone 11 and latest ios. cannot selec t a location on the map to report an issue, no way to click the ok button. super frustrating",SanJose311,Apple,"[{'label': 'sadness', 'score': 0.8665211796760559}, {'label': 'surprise', 'score': 0.06236704811453819}]"
45,1,"when this was called the my san jose app it worked. it no longer does. it tells me i need to update, but i have the latest ios and version of the app. the only option is to close it. if i could give it negative stars for wasting my time i would.",SanJose311,Apple,"[{'label': 'sadness', 'score': 0.9010785818099976}, {'label': 'surprise', 'score': 0.048796918243169785}]"
46,1,the app is now useless since you cannot upload photos when filing a report. we have notified the city many times of the broken functionality. the dev team needs to address this asap.,SanJose311,Apple,"[{'label': 'sadness', 'score': 0.8022131323814392}, {'label': 'neutral', 'score': 0.09435875713825226}]"
47,1,they have made it as hard as possible to enroll and use the app. this is for show only. the city does not want city residents to report issues. what a waste of taxpayer dollar that was used to develop the app.,SanJose311,Apple,"[{'label': 'sadness', 'score': 0.8300293684005737}, {'label': 'neutral', 'score': 0.06411587446928024}]"
48,1,"before covid or so, it’s easy to use the app on my mobile after taking a picture of the problem and attached to my complaint, now system hung up could not proceed further. i thought san jose is in silicon valley?",SanJose311,Apple,"[{'label': 'sadness', 'score': 0.4036340117454529}, {'label': 'neutral', 'score': 0.3289007246494293}]"
49,1,"you have the ability to report a variety of issues but it goes nowhere except into a black hole. there’s no response, no resolution, no nothing, a total waste of time. don’t bother with it.",SanJose311,Apple,"[{'label': 'anger', 'score': 0.49730315804481506}, {'label': 'neutral', 'score': 0.22828708589076996}]"
50,1,this app is a failed attempt to make it look like the city of san jose is run well if you report a vehicle on the app it gives you an automatic bounce back email saying that they aren’t going to take action,SanJose311,Apple,"[{'label': 'neutral', 'score': 0.5127943754196167}, {'label': 'sadness', 'score': 0.2164139747619629}]"
51,1,"this app is terrible because i cannot create an account to login. there is no way to email the developer or contact the developer. latest ios build on xs max, come on guys get this right, or app store pull this crap off of the marketplace",SanJose311,Apple,"[{'label': 'fear', 'score': 0.7583804726600647}, {'label': 'disgust', 'score': 0.0969696193933487}]"
52,1,"the response time from the city to deal with abandoned cars or illegally parked cars is at a snails pace. they close the request telling me the offending car isn’t there. well of course it’s not there now, you took 3 weeks to come and check it out. grade: f",SanJose311,Apple,"[{'label': 'neutral', 'score': 0.6780253052711487}, {'label': 'surprise', 'score': 0.16435615718364716}]"
53,1,it prompts you to put a password in twice but the second time is a grey box you can’t type anything into. i deleted the app.,SanJose311,Apple,"[{'label': 'sadness', 'score': 0.5835313200950623}, {'label': 'neutral', 'score': 0.25107017159461975}]"
54,1,terrible app. delays in requests such as logging in are so long you may believe it’s not doing anything. main navigation icons don’t go anywhere. trash.,SanJose311,Apple,"[{'label': 'fear', 'score': 0.9473776817321777}, {'label': 'surprise', 'score': 0.015582546591758728}]"
55,1,"when i go to register, enter my information, and click the register button, i see a spinner that goes away after a couple seconds, and then nothing happens.",SanJose311,Apple,"[{'label': 'surprise', 'score': 0.7415295839309692}, {'label': 'sadness', 'score': 0.1152479499578476}]"
56,1,"i have been using this off and on for about two years. now, when i try to set the location it will not let me confirm the location.",SanJose311,Apple,"[{'label': 'sadness', 'score': 0.697156548500061}, {'label': 'neutral', 'score': 0.22330841422080994}]"
57,1,tried accessing it on wifi and lte verified working for other applications. reconnected after going to airplane mode and restarting. app is useless. better off to just avoid this one.,SanJose311,Apple,"[{'label': 'sadness', 'score': 0.8128786087036133}, {'label': 'neutral', 'score': 0.11707394570112228}]"
58,5,i love this app. super easy and timely. keep up the good work,SanJose311,Apple,"[{'label': 'joy', 'score': 0.9424548745155334}, {'label': 'neutral', 'score': 0.024803373962640762}]"
59,1,"filed few street light outages. got a repose that the ticket was opened. since then, no follow up, no status, no estimate time to repair. the lights are still out after 3 months. the requests eventually go to a black hole...",SanJose311,Apple,"[{'label': 'sadness', 'score': 0.7409242391586304}, {'label': 'neutral', 'score': 0.1287527084350586}]"
60,1,what’s wrong with my email address??,SanJose311,Apple,"[{'label': 'surprise', 'score': 0.6474490165710449}, {'label': 'neutral', 'score': 0.16705459356307983}]"
61,1,"app hangs on ios 13. 3.1. using v1.7.3 on iphone 11, but app hangs. i have deleted the app, restarted phone, reinstall app... still hangs. not sure what to try now. please help as there is a lot of new graffiti to report",SanJose311,Apple,"[{'label': 'sadness', 'score': 0.8022766709327698}, {'label': 'surprise', 'score': 0.11961675435304642}]"
62,1,"don't bother with this app. just call your city councilor or the mayor. maybe the app is fine but, given the lack of responsiveness from the city, it's just a waste of time.",SanJose311,Apple,"[{'label': 'neutral', 'score': 0.6244140863418579}, {'label': 'sadness', 'score': 0.18756867945194244}]"
63,5,easy way to submit to city of sj,SanJose311,Apple,"[{'label': 'neutral', 'score': 0.633417010307312}, {'label': 'joy', 'score': 0.16140931844711304}]"
64,1,"the process of submitting an issue is very simple just one small core problem...resolve the issues before closing them, smh.",SanJose311,Apple,"[{'label': 'neutral', 'score': 0.9038597941398621}, {'label': 'surprise', 'score': 0.04279742017388344}]"
65,1,you can’t even log on to the app because it keeps crashing and won’t load.,SanJose311,Apple,"[{'label': 'neutral', 'score': 0.4186537563800812}, {'label': 'sadness', 'score': 0.27869585156440735}]"
66,1,"not sure how much our city is paying for this software and setup. i am trying to report an abandon vehicle, but “acura” is not an option inside its selection.",SanJose311,Apple,"[{'label': 'surprise', 'score': 0.3687557578086853}, {'label': 'sadness', 'score': 0.3204612731933594}]"
67,1,i read review of other users yet i still wanted to try. 2 words: waste time!,SanJose311,Apple,"[{'label': 'sadness', 'score': 0.6738978624343872}, {'label': 'anger', 'score': 0.22315236926078796}]"
68,1,how are you supposed to submit an issue with no address ?,SanJose311,Apple,"[{'label': 'surprise', 'score': 0.652503490447998}, {'label': 'neutral', 'score': 0.19371911883354187}]"
69,1,"requires a picture for report, does not upload picture. please fix.",SanJose311,Apple,"[{'label': 'sadness', 'score': 0.6804103851318359}, {'label': 'neutral', 'score': 0.2299106866121292}]"
70,1,"what a sad representation for a major city such as san jose to have such a ‘mickey mouse’ website. what a disgrace, so dis functional and not at all user friendly.",SanJose311,Apple,"[{'label': 'sadness', 'score': 0.9690924882888794}, {'label': 'surprise', 'score': 0.013854509219527245}]"
71,1,good luck on your login - via fb or google or register directly - it doesn't work ! a big chunk of software companies in sanjose city but their app is buggy,SanJose311,Apple,"[{'label': 'sadness', 'score': 0.7399025559425354}, {'label': 'neutral', 'score': 0.1868383139371872}]"
72,1,useless app does nothing. and is poorly designed. what a waste of taxpayer money.,SanJose311,Apple,"[{'label': 'anger', 'score': 0.5266870856285095}, {'label': 'disgust', 'score': 0.3997928500175476}]"
73,1,"i clicked the register link and entered my name, email, and pin. when i click register nothing happens.",SanJose311,Apple,"[{'label': 'neutral', 'score': 0.4512692987918854}, {'label': 'surprise', 'score': 0.32413914799690247}]"
74,1,for the capital of silicon valley you app is garbage. the location services don’t work to tag problem locations.,SanJose311,Apple,"[{'label': 'disgust', 'score': 0.6021608710289001}, {'label': 'anger', 'score': 0.29800206422805786}]"
75,1,loads for long term everytime i attempt registration,SanJose311,Apple,"[{'label': 'neutral', 'score': 0.7092889547348022}, {'label': 'surprise', 'score': 0.10921364277601242}]"
76,1,the app says you can report anonymously yet it requires you to log in. so no! that’s a boldfaced fail.,SanJose311,Apple,"[{'label': 'surprise', 'score': 0.6242919564247131}, {'label': 'neutral', 'score': 0.1575237214565277}]"
77,4,great app,SanJose311,Apple,"[{'label': 'joy', 'score': 0.7737656831741333}, {'label': 'neutral', 'score': 0.16343364119529724}]"
78,1,takes forever for a response. sorry app for a city in the middle of silicon valley,SanJose311,Apple,"[{'label': 'sadness', 'score': 0.7104696035385132}, {'label': 'surprise', 'score': 0.2142668515443802}]"
79,1,"garage, how long does a city take to replace an bulb in a light pole? 5 months and counting.",SanJose311,Apple,"[{'label': 'neutral', 'score': 0.6681610345840454}, {'label': 'surprise', 'score': 0.27166011929512024}]"
80,2,"i was excited to see an app that lets the people help point out problems that need fixing in the community like street lights that are out, graffiti, abandoned cars etc. the problem is that everything i've tried to report has been put through as ""closed"" case but nothing has been done. they are either referred to caltrans or just closed without ever solving the issue. what's the point of the app then?",SanJose311,Apple,"[{'label': 'surprise', 'score': 0.3941497504711151}, {'label': 'sadness', 'score': 0.28030773997306824}]"
81,1,no follow up what’s so ever.,SanJose311,Apple,"[{'label': 'neutral', 'score': 0.8185909986495972}, {'label': 'sadness', 'score': 0.08238433301448822}]"
82,2,"i am having the same problems seatiki mentioned. this is a great concept, but my cases are closed as soon as i report them without no resolution. i also noticed the map is off.",SanJose311,Apple,"[{'label': 'sadness', 'score': 0.8106988072395325}, {'label': 'surprise', 'score': 0.12267646193504333}]"
83,5,this app is so intuitive and user friendly.,SanJose311,Apple,"[{'label': 'joy', 'score': 0.6436882019042969}, {'label': 'neutral', 'score': 0.2667020261287689}]"
84,3,"title says it all. i just installed this app, so i can't rate it's value yet. i can say there is no feedback built into the app, so i guess i have to make a request for traffic light section here. traffic light malfunctions disrupt more people than almost any other issue, so please add it. for now i'll give it 3 stars for this glaring omission.",SanJose311,Apple,"[{'label': 'neutral', 'score': 0.42647436261177063}, {'label': 'anger', 'score': 0.2842612564563751}]"
85,1,f,SanJose311,Apple,"[{'label': 'anger', 'score': 0.6726535558700562}, {'label': 'fear', 'score': 0.1223364844918251}]"
86,5,works great easy to submit,SanJose311,Apple,"[{'label': 'neutral', 'score': 0.5101224184036255}, {'label': 'joy', 'score': 0.37086984515190125}]"
87,5,yes,SanJose311,Apple,"[{'label': 'neutral', 'score': 0.8528302311897278}, {'label': 'sadness', 'score': 0.06026506796479225}]"
88,1,"won’t take my username or password anymore. i have to go online with my desktop. they also don’t do anything. i have an open report from october, 2019 and it’s now july 2022!!! can’t wait to move to a city where workers do their jobs.",SanJose311,Apple,"[{'label': 'neutral', 'score': 0.4562554657459259}, {'label': 'surprise', 'score': 0.22228513658046722}]"
89,4,"the app is waaay better than the sj clean app, esp since it has additional requests. here are the major problems : scrolling on lists do not utilize momentum, when selecting car type, if it is a vw you need to swipe 8 times to get through list, vs a simple flick. map / location feature has awkward interaction method. would be good to see other items, code enforcement complaints, sidewalk damage, etc as options in general so they get classified and tracked appropriately. graffiti team seems lazy, if you report graffiti on a light pole but don't report the graffiti on the sidewalk below they will only clean the light pole. seems like they really like to mail it in, ""sorry no ticket for graffiti we are standing on"". it is clear they are motivated (paid) on a per ticket basis and not motivated to clean the area of report.",SanJose311,Apple,"[{'label': 'neutral', 'score': 0.6395789980888367}, {'label': 'sadness', 'score': 0.14946112036705017}]"
90,1,"useless. file report, see it being immediately closed without any explanation.",SanJose311,Google,"[{'label': 'anger', 'score': 0.6478714942932129}, {'label': 'disgust', 'score': 0.26856034994125366}]"
91,1,signed up for an account but then could not login with the password i had just set. pretty useless app,SanJose311,Google,"[{'label': 'sadness', 'score': 0.9497196674346924}, {'label': 'surprise', 'score': 0.023895904421806335}]"
92,2,literally just a shell for the website. equally slow and clunky like the website,SanJose311,Google,"[{'label': 'sadness', 'score': 0.61075758934021}, {'label': 'neutral', 'score': 0.2480824887752533}]"
93,4,"really slow, but issues are quickly addressed and fixed.",SanJose311,Google,"[{'label': 'surprise', 'score': 0.8510572910308838}, {'label': 'neutral', 'score': 0.0934443324804306}]"
94,3,"2024 update: the last version of the app is much better than early versions. one gripe is the limit to a measly 10mbyte for graffiti image upload, which is small compared to the photos that most modern phones take by default. reducing image size takes extra steps.",SanJose311,Google,"[{'label': 'neutral', 'score': 0.7297414541244507}, {'label': 'surprise', 'score': 0.07543649524450302}]"
95,1,my issue was closed without any action or follow-up. what's the point?,SanJose311,Google,"[{'label': 'sadness', 'score': 0.7000370025634766}, {'label': 'surprise', 'score': 0.11072251945734024}]"
96,5,"the 311 app and web version serve its purpose. residents can report issues in a centralized database. the self service is fast and efficient. it can take some time to resolve more complex cases, but the biggest advantage is the data behind it to justify major improvement projects such as the led streetlight replacement and the repavement project. one improvement suggestion is to make the app more interactive by allowing residents to work as a team to combat issues together.",SanJose311,Google,"[{'label': 'neutral', 'score': 0.8359830379486084}, {'label': 'joy', 'score': 0.11165914684534073}]"
97,5,fast response and good action time.,SanJose311,Google,"[{'label': 'neutral', 'score': 0.8825309872627258}, {'label': 'joy', 'score': 0.08469348400831223}]"
98,1,cannot register or reset pw i tried to reset a pw for 2 emails but did not receive anything. i registered a new email but never received welcome email after 2 hours. now i've run out of emails to test. waste of time bc i cannot report this illegal dumping in front of my house,SanJose311,Google,"[{'label': 'sadness', 'score': 0.9247197508811951}, {'label': 'anger', 'score': 0.042849667370319366}]"
99,4,great app and resourceful. but at times it has its moments,SanJose311,Google,"[{'label': 'sadness', 'score': 0.4255053400993347}, {'label': 'joy', 'score': 0.36269599199295044}]"
100,3,it's clumsy. doesn't remember login info.,SanJose311,Google,"[{'label': 'sadness', 'score': 0.7036888003349304}, {'label': 'neutral', 'score': 0.14448270201683044}]"
101,2,"login bug still not fixed after all these years. users still need to log in every time they want to submit. otherwise, invaluable.",SanJose311,Google,"[{'label': 'neutral', 'score': 0.8751304745674133}, {'label': 'surprise', 'score': 0.051727473735809326}]"
102,2,"submit won't work :( still doesn't work (feb 1st) i did call in my report today, wasn't too hard, but it would have helped to be able to share a picture.",SanJose311,Google,"[{'label': 'sadness', 'score': 0.877535343170166}, {'label': 'neutral', 'score': 0.059571001678705215}]"
103,2,why doesn't the app leave you logged in? why do i have to log-in every time i want to make a report. this is ridiculous. please fix this,SanJose311,Google,"[{'label': 'anger', 'score': 0.9041169881820679}, {'label': 'surprise', 'score': 0.06205606460571289}]"
104,1,"san jose , this is what you get having a liberal mayor and liberal governor... nothing gets done...",SanJose311,Google,"[{'label': 'neutral', 'score': 0.7061499357223511}, {'label': 'surprise', 'score': 0.20399612188339233}]"
105,1,sucks! doesn't work at all..,SanJose311,Google,"[{'label': 'sadness', 'score': 0.6059720516204834}, {'label': 'disgust', 'score': 0.16883374750614166}]"
106,1,i don't know how it's possible but they actually managed to make this app worse. you have to login every time over and over. the map is gotten even more unfriendly. go back to the last one was a lot better,SanJose311,Google,"[{'label': 'anger', 'score': 0.6613708734512329}, {'label': 'sadness', 'score': 0.2692188620567322}]"
107,5,well attended,SanJose311,Google,"[{'label': 'neutral', 'score': 0.6172942519187927}, {'label': 'surprise', 'score': 0.16013668477535248}]"
108,1,app works half the time. but its probably not even monitored. sjpd or the city dont respond anyhow. 14 days to respond? why not a month a year? useless city services and a waste of tax payer money.!,SanJose311,Google,"[{'label': 'sadness', 'score': 0.7550750970840454}, {'label': 'surprise', 'score': 0.13241693377494812}]"
109,5,easy to use,SanJose311,Google,"[{'label': 'neutral', 'score': 0.76604825258255}, {'label': 'joy', 'score': 0.15946725010871887}]"
110,1,"unfortunately the city seems to have just given up on this app. it had a decent native interface with some flaws, but now it's just a web view portal that's really cumbersome to use. disappointing because the city has a stated digital goal. i'd love to see them run focus groups and user feedback sessions because, to my knowledge, they are missing the ""check"" function in pdca continuous improvement.",SanJose311,Google,"[{'label': 'sadness', 'score': 0.6254620552062988}, {'label': 'surprise', 'score': 0.3246011734008789}]"
111,1,"ignored my pleads to complete my request for service, illegal dumping. why create an app for the community's concerns and requests for service if nothing will happen. no communication, no action, no respect, no service. that's what san jose leaders have to offer our community, time for change.",SanJose311,Google,"[{'label': 'anger', 'score': 0.64628666639328}, {'label': 'sadness', 'score': 0.2912978231906891}]"
112,1,"used this app for a long time. but can not use it anymore, with the new version. once opened, pop up with 2 options, update or cancel, shows up. both redirect to google play. update or reinstal gives nothing. and going in circle. too bad.",SanJose311,Google,"[{'label': 'sadness', 'score': 0.8514664769172668}, {'label': 'neutral', 'score': 0.0716906487941742}]"
113,5,"this app is helping our community, so please you this app",SanJose311,Google,"[{'label': 'neutral', 'score': 0.6357445120811462}, {'label': 'joy', 'score': 0.271857351064682}]"
114,1,it doesn't work... i tried submitting a new request but it didn't do anything when pressing the submit button,SanJose311,Google,"[{'label': 'sadness', 'score': 0.8587057590484619}, {'label': 'neutral', 'score': 0.06034237518906593}]"
115,3,good morning,SanJose311,Google,"[{'label': 'neutral', 'score': 0.5363333225250244}, {'label': 'joy', 'score': 0.4051000475883484}]"
116,1,app did not allow me to register. i am trying to report an abandoned car.,SanJose311,Google,"[{'label': 'sadness', 'score': 0.9447455406188965}, {'label': 'anger', 'score': 0.02708199992775917}]"
117,1,you can't log in like others have stated. the latest update may have created an issue.,SanJose311,Google,"[{'label': 'sadness', 'score': 0.5947563052177429}, {'label': 'neutral', 'score': 0.30534711480140686}]"
118,1,i can't even login on the app. however on the desktop version no problem. uninstalling until this app gets a little help.,SanJose311,Google,"[{'label': 'sadness', 'score': 0.7917597889900208}, {'label': 'neutral', 'score': 0.1428949385881424}]"
119,1,doesn't work,SanJose311,Google,"[{'label': 'sadness', 'score': 0.8244724273681641}, {'label': 'neutral', 'score': 0.10227344930171967}]"
120,1,cannot login with google account or register a new account,SanJose311,Google,"[{'label': 'sadness', 'score': 0.8060314655303955}, {'label': 'neutral', 'score': 0.1183021143078804}]"
121,1,can't get it to acknowledge i registered. tells me i made an error when i try to sign in. totally worthless.,SanJose311,Google,"[{'label': 'sadness', 'score': 0.939321756362915}, {'label': 'surprise', 'score': 0.0202114749699831}]"
122,1,dumb password confussion reset saved password back and fourth email the same password change ? forget password,SanJose311,Google,"[{'label': 'sadness', 'score': 0.3748301863670349}, {'label': 'anger', 'score': 0.2381763607263565}]"
123,1,enable to creat an account. fails silently. no help screen or contact methods.,SanJose311,Google,"[{'label': 'sadness', 'score': 0.9541226029396057}, {'label': 'neutral', 'score': 0.018090413883328438}]"
124,1,cannot use google account to login. app just freezes up. haven't even utilized the intent of the app.,SanJose311,Google,"[{'label': 'sadness', 'score': 0.7641987204551697}, {'label': 'neutral', 'score': 0.17011421918869019}]"
125,1,now you can be ignored by an app rather than by email or phone. that's it.,SanJose311,Google,"[{'label': 'neutral', 'score': 0.8743072152137756}, {'label': 'anger', 'score': 0.04581525921821594}]"
126,1,i think this is run by uneducated people. very poor service! they close requests without solving. they deny responsibility of city streets with abandoned & registration-expired vehicles. this is them getting away without doing their job. no phone number available to report. frustrating our tax money is wasted this way! will follow this all the way to their office.,SanJose311,Google,"[{'label': 'sadness', 'score': 0.7899673581123352}, {'label': 'anger', 'score': 0.14223766326904297}]"
127,1,ive never had a p i n. app won't cooperate.,SanJose311,Google,"[{'label': 'sadness', 'score': 0.9090769290924072}, {'label': 'anger', 'score': 0.05177472159266472}]"
128,5,love it! very efficient and can see the progress/ receive updates on open tickets.,SanJose311,Google,"[{'label': 'joy', 'score': 0.6906188130378723}, {'label': 'neutral', 'score': 0.2326674908399582}]"
129,2,can you extend your request to remove bad rv parked by the homeless on city neighnorhoods?,SanJose311,Google,"[{'label': 'neutral', 'score': 0.8029289841651917}, {'label': 'anger', 'score': 0.07260056585073471}]"
130,1,you have to have separate accounts for desktop and mobile. desktop app requires minimum password of 8 characters and the mobile app requires 4 exactly. you have to use different email addresses for each. makes no sense what so ever. uninstalled so i cannot confirm how ass backwards this app is. i did read all the negative ratings for this app.,SanJose311,Google,"[{'label': 'surprise', 'score': 0.39626285433769226}, {'label': 'neutral', 'score': 0.3643842935562134}]"
131,2,"i have reported over a dozen issues and had one resolved. the others say that they were resolved, but nothing has been done. i've also left updates in the comments that are obviously ignored.",SanJose311,Google,"[{'label': 'sadness', 'score': 0.5411936640739441}, {'label': 'neutral', 'score': 0.37185993790626526}]"
132,1,their registration process is a joke and whomever signed off on making this public should be embarrassed. won't use and don't recommend.,SanJose311,Google,"[{'label': 'sadness', 'score': 0.5855833292007446}, {'label': 'neutral', 'score': 0.17259539663791656}]"
133,2,"can't log in!! made an account & got an email saying its confirmed. then i went online to log in & report a car & says ""error wrong username or password"" clicked forgot password & nothing got sent to my email even though i got a confirmation email prior!?!? made an account with another email & same thing!!",SanJose311,Google,"[{'label': 'surprise', 'score': 0.8140986561775208}, {'label': 'sadness', 'score': 0.11989674717187881}]"
134,5,really works,SanJose311,Google,"[{'label': 'surprise', 'score': 0.8409954309463501}, {'label': 'neutral', 'score': 0.10693494975566864}]"
135,5,amazing service.,SanJose311,Google,"[{'label': 'joy', 'score': 0.6689305305480957}, {'label': 'surprise', 'score': 0.22812806069850922}]"
136,4,great,SanJose311,Google,"[{'label': 'joy', 'score': 0.6147453188896179}, {'label': 'neutral', 'score': 0.2331211268901825}]"
137,5,"has helped me report two instances of illegal dumping and three instances of graffiti in my neighborhood. app works very well and the response to my tickets was very prompt. it helps me feel empowered, like i can make a difference in my neighborhood and city.",SanJose311,Google,"[{'label': 'joy', 'score': 0.9575404524803162}, {'label': 'anger', 'score': 0.02328743040561676}]"
138,1,"there should be an option to reopen a ticket/work order if the job wasnt complete. they supposedly found that the vehicle that has been sitting there for months isnt being stored on the street. it did move, but it's in the same spot and has been there for months. it is the literal definition of storing a vehicle on the street. i guess if you move a vehicle 2 inches every 3 months you're in the clear somehow???",SanJose311,Google,"[{'label': 'neutral', 'score': 0.5555850267410278}, {'label': 'surprise', 'score': 0.3823675513267517}]"
139,1,the app is useful when it works but now it stops working when you enter the location address.i'll change my rating when they fix this issue.,SanJose311,Google,"[{'label': 'sadness', 'score': 0.7310770750045776}, {'label': 'neutral', 'score': 0.18102504312992096}]"
140,1,"app hangs up when attempting to select a location. as a result, user is unable to proceed with request submission.",SanJose311,Google,"[{'label': 'sadness', 'score': 0.7637915015220642}, {'label': 'neutral', 'score': 0.13666197657585144}]"
141,1,"the employees just close my ticket regarding an abandoned vehicle, saying they went out to check and didn't see it there anymore. well.. the vehicle is still there and i doubt anyone actually came out to check at all.",SanJose311,Google,"[{'label': 'surprise', 'score': 0.47517573833465576}, {'label': 'neutral', 'score': 0.30257362127304077}]"
142,3,"would be great if you developed the option to edit requests, to add photos after, and to close requests if they were resolved. enforcement came promptly after i submitted a request for abandoned vehicle but the driver finally moved the car after 2 weeks.",SanJose311,Google,"[{'label': 'sadness', 'score': 0.3760107159614563}, {'label': 'neutral', 'score': 0.27680692076683044}]"
143,1,app crashes when gps selected. login email address incompatible with my san jose website.,SanJose311,Google,"[{'label': 'sadness', 'score': 0.8515925407409668}, {'label': 'neutral', 'score': 0.0640447810292244}]"
144,1,"a very good idea and concept, if it works. the city of san jose does not have the time nor the staff i respond to a quarter of the abandoned vehicle reports, let alone tow them. the email response you get states that the vehicle was marked with a tag or they contacted the owner. not the case. not sure why they don't toe the car sooner. it's money for the city.",SanJose311,Google,"[{'label': 'neutral', 'score': 0.4614430367946625}, {'label': 'sadness', 'score': 0.2619401216506958}]"
145,1,"just like other reviews, you report something and they ignore and close your report",SanJose311,Google,"[{'label': 'neutral', 'score': 0.5854110717773438}, {'label': 'anger', 'score': 0.285067081451416}]"
146,1,doesn't work in burbank area.,SanJose311,Google,"[{'label': 'neutral', 'score': 0.48290276527404785}, {'label': 'sadness', 'score': 0.4203999936580658}]"
147,1,useless app they dont even come out to inspect. ill get an email saying they did but no car there. apparently they just say at there desk n didnt even come out cause the car is still here. useless,SanJose311,Google,"[{'label': 'sadness', 'score': 0.7110596895217896}, {'label': 'surprise', 'score': 0.1310059279203415}]"
148,2,"they finally fixed the map problem on android, but 50% of the time you cannot submit a request because it says ""please enter description"" when you have a complete description in there.",SanJose311,Google,"[{'label': 'neutral', 'score': 0.7156358361244202}, {'label': 'sadness', 'score': 0.12010414153337479}]"
149,1,i have put in multiple requests for one specific very important item and it gets changed to completed without never being completed. just an app to try and make you 'feel valued'. waste.,SanJose311,Google,"[{'label': 'joy', 'score': 0.9897038340568542}, {'label': 'anger', 'score': 0.003402376314625144}]"
150,1,sorry city of sj...tried to report illegal dumping on college drive but app would not allow for an address to be submitted. 998 college drive. ..please fix....app is a good idea but at this time does not deliver. :(,SanJose311,Google,"[{'label': 'sadness', 'score': 0.9199367761611938}, {'label': 'surprise', 'score': 0.04100582003593445}]"
151,3,it's a great idea but hangs frequently trying to submit requests. also the english language content is clearly not written by someone who speaks the language with fluency.,SanJose311,Google,"[{'label': 'neutral', 'score': 0.8198038935661316}, {'label': 'surprise', 'score': 0.10813872516155243}]"
152,2,location feature needs work,SanJose311,Google,"[{'label': 'neutral', 'score': 0.9064325094223022}, {'label': 'surprise', 'score': 0.03909721598029137}]"
153,1,when i click location app hangs.,SanJose311,Google,"[{'label': 'neutral', 'score': 0.4470122158527374}, {'label': 'surprise', 'score': 0.2950303554534912}]"
154,3,"general concept is excellent and needed. everyone in sj should install and use this. app crashes when taking a photo to upload from within the app. no method to submit bugs or request features exists within app. complaints are often closed without any resolution or explanation. app works best (should i say city staff responds best) for grafitti, trash, and abandoned vehicles. potholes and park-related concerns appear to be ignored and closed on entry.",SanJose311,Google,"[{'label': 'sadness', 'score': 0.7893057465553284}, {'label': 'neutral', 'score': 0.12473977357149124}]"
155,2,"does not let you put a title for decription even though decribed under it. when trying to submit, asking you ""please enter description"" . ridiculous!",SanJose311,Google,"[{'label': 'anger', 'score': 0.5273309946060181}, {'label': 'surprise', 'score': 0.2661837935447693}]"
156,1,i tried to use this app to report several items in my area in san jose and all 3 inquires got brushed off to: you need to do this and call here and report this to another department. i thought this app was a one stop shop. nope. for me it's useless . if my inquiry needed to be referred to another department ... then forward it .. not just tell to do other stuff. i'm uninstalling this app now.,SanJose311,Google,"[{'label': 'sadness', 'score': 0.4498829245567322}, {'label': 'neutral', 'score': 0.34356746077537537}]"
157,1,"don't bother. they must have intended this app to make people feel good and that their concerns will get attention, but submissions are closed with no action or response.",SanJose311,Google,"[{'label': 'sadness', 'score': 0.7592698931694031}, {'label': 'neutral', 'score': 0.12913872301578522}]"
158,1,"not only does the location service not work, but live chat has an attitude. also if you try to pinpoint a location on a map, the developers have misappropriated the pin so it confuses the users. you cannot use/move the pin to indicate your location as most people would think. if you see a pin on a map it has a meaning that only the city knows, because they don't explain it on any sort of legend. so there are some big misses on the ui.",SanJose311,Google,"[{'label': 'neutral', 'score': 0.734375536441803}, {'label': 'sadness', 'score': 0.14454840123653412}]"
159,1,"sorry to pile on, but the broken location feature makes this a non-starter for me. i make a lot of graffiti reports, most of it off the beaten path (e.g. walking trails). i have no clue of the address, usually, and depend upon the map to say, ""it's r-i-g-h-t here."" i've been forced to reinstall the ""san jose clean"" app, and will continue to use it for as long as it keeps working.",SanJose311,Google,"[{'label': 'sadness', 'score': 0.9078454375267029}, {'label': 'neutral', 'score': 0.05605726316571236}]"
160,1,why you don't have a developer support feature in the app is beyond me. the location feature which is a required entry in any request is not working so we are unable to enter our requests.,SanJose311,Google,"[{'label': 'sadness', 'score': 0.4826342463493347}, {'label': 'neutral', 'score': 0.372688889503479}]"
161,1,all it says is no internet connection please try again .,SanJose311,Google,"[{'label': 'sadness', 'score': 0.4880852997303009}, {'label': 'neutral', 'score': 0.4131898283958435}]"
162,1,can't login because it says my email is in use. i created my account on the website and now can't log in using the app. website requires 8 character password and mobile app is asking for a pin. please fix!,SanJose311,Google,"[{'label': 'sadness', 'score': 0.8023849129676819}, {'label': 'neutral', 'score': 0.08924052119255066}]"
163,4,"looks like this replaces the old ""san jose clean"" app. a great improvement and hopefully the city actually monitors and responds to the requests! note: the mobile version and desktop website will not let you use the same account because the mobile requires a 4 digit pin# and the website requires 8 digits minimum. please fix it and i'll give you 5 stars.",SanJose311,Google,"[{'label': 'neutral', 'score': 0.5504684448242188}, {'label': 'surprise', 'score': 0.25229451060295105}]"
164,5,good,SanJose311,Google,"[{'label': 'neutral', 'score': 0.6325145363807678}, {'label': 'joy', 'score': 0.18647092580795288}]"
165,5,"wow...such a clean, easy-to-use interface to report all the things i've wanted to but didn't due to lack of immediately accessible contact numbers. i love the map which shows all the reported items that were publicly shared. suggestion: a ""san jose events"" button would be a convenient link to festivals/ convention center/arena/community center/etc goings-on. great app nonetheless!",SanJose311,Google,"[{'label': 'surprise', 'score': 0.9532757997512817}, {'label': 'joy', 'score': 0.027512338012456894}]"
166,5,the greatest thing for san jose since the invention of the internet.,SanJose311,Google,"[{'label': 'joy', 'score': 0.4779536724090576}, {'label': 'neutral', 'score': 0.40074828267097473}]"
